group_key,partition,n,verdict,drop_on_med,drop_on_mean,drop_off_med,spec_med,spec_mean,spec_ci,spec_iqr,mask_med,pass_rate,locspec_rate,anti_rate,grade_change_rate,p_drop,p_spec_raw,p_spec_adj
BUSI:normal,overall,133,FAITHFUL,0.4746,0.43451804511278197,0.075,0.3376,0.3047766917293233,"[0.2599, 0.3671]","[0.0436, 0.4306]",0.4008,0.7819548872180451,0.849624060150376,0.21804511278195488,0.7142857142857143,1.007783245111201e-19,3.175422750107742e-20,6.350845500215485e-20
BUSI:benign,overall,437,WEAK/INCONCLUSIVE,0.0078,0.13173592677345536,0.0002,0.0068,0.12002425629290618,"[0.0053, 0.0093]","[0.001, 0.0994]",0.2257,0.8192219679633868,0.7917620137299771,0.17620137299771166,0.2608695652173913,8.191595402232801e-42,1.329956442554909e-36,5.319825770219636e-36
BUSI:malignant,overall,210,WEAK/INCONCLUSIVE,0.0006,0.017961428571428573,0.0004,0.0002,0.016719523809523813,"[0.0, 0.00045]","[-0.0001, 0.00365]",0.29515,0.8238095238095238,0.5619047619047619,0.05238095238095238,0.1619047619047619,6.123461327045997e-28,2.3561129886347784e-09,3.769780781815646e-09
DR:grade0 (No DR),overall,25810,INERT,-0.0003,0.0026332623014335534,-0.0001,-0.0003,0.0017550949244478887,"[-0.0003, -0.0002]","[-0.0012, 0.0007]",0.2749,0.4239442076714452,0.41286323130569547,0.555366137156141,0.017938783417280123,1.0,1.0,1.0
DR:grade1 (Mild NPDR),overall,2443,ANTI-FAITHFUL,-0.0668,-0.16928657388456814,-0.0096,-0.0398,-0.12818485468686042,"[-0.05650499999999999, -0.03]","[-0.2903, -0.0011]",0.1721,0.05935325419566107,0.21121571837904216,0.937781416291445,0.44412607449856734,1.0,1.0,1.0
DR:grade2 (Moderate NPDR),overall,5292,WEAK/INCONCLUSIVE,-0.001,0.09897498110355255,-0.0008,-0.0001,0.08117942176870747,"[-0.0002, 0.0001]","[-0.0039, 0.198825]",0.23005,0.44047619047619047,0.4877173091458806,0.5538548752834467,0.4021164021164021,1.0592291138305543e-74,5.527765893730227e-88,4.422212714984182e-87
DR:grade3 (Severe NPDR),overall,873,INERT,-0.0004,0.004302634593356242,-0.0008,0.0005,0.01001397479954181,"[0.0004, 0.0006]","[-0.0001, 0.0012]",0.1588,0.3104238258877434,0.6769759450171822,0.6552119129438717,0.038946162657502864,1.0,4.075004705735024e-35,1.0866679215293397e-34
DR:grade4 (PDR),overall,708,INERT,0.0,0.0030296610169491525,0.0,0.0,0.0013416666666666666,"[0.0, 0.0]","[-0.0001, 0.0001]",0.08235,0.2853107344632768,0.3121468926553672,0.327683615819209,0.014124293785310734,0.940968940566717,0.6464650262135936,0.8619533682847914
BUSI:normal,train,107,FAITHFUL,0.4735,0.4122785046728972,0.0735,0.2983,0.2933130841121495,"[0.2408, 0.3551]","[0.0154, 0.42905]",0.4008,0.7663551401869159,0.8317757009345794,0.2336448598130841,0.6915887850467289,9.659448547746447e-16,4.2006683738501797e-16,8.401336747700359e-16
BUSI:benign,train,350,WEAK/INCONCLUSIVE,0.00695,0.12438314285714286,0.0002,0.0058,0.11299257142857144,"[0.00435, 0.0076]","[0.0008, 0.092875]",0.22505,0.8085714285714286,0.7828571428571428,0.18571428571428572,0.2542857142857143,1.5391728752860645e-30,1.72796603891046e-26,4.6079094370945604e-26
BUSI:malignant,train,168,WEAK/INCONCLUSIVE,0.0006,0.019627380952380955,0.0003,0.0002,0.018948214285714287,"[0.0, 0.0005]","[-0.0001, 0.00455]",0.2939,0.8035714285714286,0.5654761904761905,0.06547619047619048,0.17857142857142858,1.176213835615955e-21,4.157552650217214e-08,6.652084240347542e-08
DR:grade0 (No DR),train,23229,INERT,-0.0003,0.0024835205992509365,-0.0001,-0.0003,0.0017509320246243917,"[-0.0003, -0.0002]","[-0.0012, 0.0007]",0.2753,0.42515820741314736,0.41400835162942873,0.5539196693787938,0.014852124499547979,1.0,1.0,1.0
DR:grade1 (Mild NPDR),train,2199,ANTI-FAITHFUL,-0.0997,-0.1875706230104593,-0.0121,-0.0753,-0.14185707139608913,"[-0.11341499999999997, -0.0562]","[-0.299, -0.0024]",0.1683,0.017280582082764895,0.1855388813096862,0.9804456571168713,0.4688494770350159,1.0,1.0,1.0
DR:grade2 (Moderate NPDR),train,4767,WEAK/INCONCLUSIVE,-0.001,0.100792678833648,-0.0008,-0.0001,0.08368856723306062,"[-0.0002, 0.0001]","[-0.0038, 0.2012]",0.2306,0.43738200125865323,0.48982588630165724,0.5563247325361863,0.40885252779525905,5.840699521719451e-75,1.5272057631896481e-89,1.2217646105517185e-88
DR:grade3 (Severe NPDR),train,786,INERT,-0.0004,-0.004743002544529262,-0.0008,0.0004,0.0024592875318066153,"[0.0004, 0.0005]","[-0.0001, 0.0011]",0.1546,0.30661577608142493,0.6857506361323156,0.6564885496183206,0.006361323155216285,1.0,4.989246005384904e-39,1.9956984021539616e-38
DR:grade4 (PDR),train,629,INERT,0.0,-0.0009295707472178062,0.0,0.0,-0.0009106518282988869,"[0.0, 0.0]","[-0.0001, 0.0001]",0.0805,0.27503974562798095,0.3052464228934817,0.314785373608903,0.001589825119236884,0.9492512867169524,0.527416956603336,0.703222608804448
BUSI:normal,heldout,26,FAITHFUL,0.4769,0.5260423076923076,0.0829,0.3686,0.3519538461538462,"[0.20945000000000003, 0.435]","[0.13545000000000001, 0.46455]",0.40915,0.8461538461538461,0.9230769230769231,0.15384615384615385,0.8076923076923077,6.407499313354492e-07,2.086162567138672e-07,8.344650268554688e-07
BUSI:benign,heldout,87,WEAK/INCONCLUSIVE,0.0126,0.16131609195402297,0.0005,0.012,0.1483126436781609,"[0.0061, 0.0155]","[0.0023, 0.1977]",0.2298,0.8620689655172413,0.8275862068965517,0.13793103448275862,0.28735632183908044,2.1482770979942546e-13,1.7244256513937015e-12,1.3795405211149612e-11
BUSI:malignant,heldout,42,WEAK/INCONCLUSIVE,0.00095,0.011297619047619046,0.0004,0.0002,0.007804761904761905,"[0.0, 0.00065]","[-0.0002, 0.0022]",0.2996,0.9047619047619048,0.5476190476190477,0.0,0.09523809523809523,3.7738654498053474e-08,0.00996058089109941,0.015936929425759055
DR:grade0 (No DR),heldout,2581,INERT,-0.0004,0.003980937621077102,-0.0001,-0.0003,0.0017925610228593568,"[-0.0004, -0.0002]","[-0.0014, 0.0008]",0.272,0.41301820999612554,0.4025571483920961,0.5683843471522666,0.04571871367686943,0.9999999999999996,0.999999999999996,0.999999999999996
DR:grade1 (Mild NPDR),heldout,244,INERT,-0.0005,-0.0045053278688524595,-0.0002,-0.00045,-0.0049668032786885224,"[-0.001, 0.0001]","[-0.0038, 0.001425]",0.249,0.4385245901639344,0.4426229508196721,0.5532786885245902,0.22131147540983606,0.9852371258918587,0.9910775664059372,0.999999999999996
DR:grade2 (Moderate NPDR),heldout,525,WEAK/INCONCLUSIVE,-0.0005,0.0824702857142857,-0.0005,-0.0004,0.05839638095238095,"[-0.0007, 0.0003]","[-0.0066, 0.1298]",0.2238,0.4685714285714286,0.4685714285714286,0.5314285714285715,0.34095238095238095,0.0004561513529600718,0.0027064969309875376,0.0072173251493001
DR:grade3 (Severe NPDR),heldout,87,INERT,-0.001,0.08602528735632183,-0.0009,0.0009,0.07826666666666666,"[-0.0002074999999999868, 0.0079]","[-0.0024000000000000002, 0.1469]",0.209,0.3448275862068966,0.5977011494252874,0.6436781609195402,0.3333333333333333,0.6897695859292262,0.003980491195689219,0.007960982391378438
DR:grade4 (PDR),heldout,79,INERT,0.0,0.03455316455696202,0.0,0.0,0.01927468354430379,"[-0.0001, 0.0]","[-0.0005499999999999999, 0.0002]",0.1095,0.3670886075949367,0.3670886075949367,0.43037974683544306,0.11392405063291139,0.39836587636881804,0.5775335906008409,0.7700447874677878
